{
  "project_info": {
    "project_number": "115930135694",
    "project_id": "aquapp-42347",
    "storage_bucket": "aquapp-42347.appspot.com"
  },
  "client": [
    {
      "client_info": {
        "mobilesdk_app_id": "1:115930135694:android:9fc465465b435e1ebc1ddf",
        "android_client_info": {
          "package_name": "com.Aqua.AquApp"
        }
      },
      "oauth_client": [],
      "api_key": [
        {
          "current_key": "AIzaSyByAGgrSfY-NTMl0G8tW5eeK5r0ISVYdzM"
        }
      ],
      "services": {
        "appinvite_service": {
          "other_platform_oauth_client": []
        }
      }
    }
  ],
  "configuration_version": "1"
}